"","clock_type","Yes_avg","No_avg"
"1","Horvath","62.6051693457755","60.6816202057478"
"2","Hannum","55.0500374276666","49.5009948896111"
"3","Levine","33.9522180570683","34.4063372311794"
"4","skinHorvath","68.9510791441169","64.6359827037391"
