"","clock_type","Yes_sd","No_sd"
"1","Horvath","17.432530574753","18.7342241473359"
"2","Hannum","13.5404850032423","13.6629972581142"
"3","Levine","18.2445071347937","20.0587634281855"
"4","skinHorvath","16.0379589841417","18.3188706520298"
